"","CLIENTE","FREQ_COMPRAS","INTERVALO_MAX","cluster"
"1",46983672,401,28,"cluster_2"
"2",48077440,341,15,"cluster_2"
"3",49137288,417,24,"cluster_2"
"4",50054746,238,105,"cluster_2"
"5",50133461,238,89,"cluster_2"
"6",50134135,276,18,"cluster_2"
"7",50134598,660,14,"cluster_2"
"8",50228284,175,22,"cluster_2"
"9",50250221,235,14,"cluster_2"
"10",50299108,156,38,"cluster_2"
"11",50332105,202,33,"cluster_2"
"12",50342420,263,13,"cluster_2"
"13",50356142,499,8,"cluster_2"
"14",50366188,157,27,"cluster_2"
"15",50377146,1110,15,"cluster_2"
"16",50381055,564,9,"cluster_2"
"17",50381649,476,14,"cluster_2"
"18",50387834,503,16,"cluster_2"
"19",50389500,177,29,"cluster_2"
"20",50390664,283,15,"cluster_2"
"21",50396199,444,27,"cluster_2"
"22",50397299,242,140,"cluster_2"
"23",50399748,197,28,"cluster_2"
"24",50401427,178,52,"cluster_2"
"25",50405397,395,19,"cluster_2"
"26",50408104,310,21,"cluster_2"
"27",50408757,285,39,"cluster_2"
"28",50409920,228,31,"cluster_2"
"29",50410199,256,18,"cluster_2"
"30",50410708,214,49,"cluster_2"
"31",50411117,612,14,"cluster_2"
"32",50411198,190,12,"cluster_2"
"33",50412466,236,26,"cluster_2"
"34",50414471,172,42,"cluster_2"
"35",50414888,844,25,"cluster_2"
"36",50415688,285,46,"cluster_2"
"37",50417858,813,31,"cluster_2"
"38",50417892,260,20,"cluster_2"
"39",50418605,661,11,"cluster_2"
"40",50420665,211,20,"cluster_2"
"41",50421987,325,15,"cluster_2"
"42",50422525,349,20,"cluster_2"
"43",50423254,198,32,"cluster_2"
"44",50423605,696,12,"cluster_2"
"45",50424053,341,26,"cluster_2"
"46",50425441,267,15,"cluster_2"
"47",50428687,328,20,"cluster_2"
"48",50428947,181,69,"cluster_2"
"49",50429101,158,22,"cluster_2"
"50",50430499,651,20,"cluster_2"
"51",50435386,172,49,"cluster_2"
"52",50436296,439,17,"cluster_2"
"53",50436848,253,78,"cluster_2"
"54",50436928,503,21,"cluster_2"
"55",50437091,227,87,"cluster_2"
"56",50438888,177,59,"cluster_2"
"57",50439057,159,49,"cluster_2"
"58",50439300,434,21,"cluster_2"
"59",50439455,811,16,"cluster_2"
"60",50439677,696,43,"cluster_2"
"61",50441007,430,18,"cluster_2"
"62",50441437,268,23,"cluster_2"
"63",50443639,165,30,"cluster_2"
"64",50443908,177,21,"cluster_2"
"65",50444061,1153,9,"cluster_2"
"66",50444782,215,44,"cluster_2"
"67",50445215,193,22,"cluster_2"
"68",50445394,247,119,"cluster_2"
"69",50446795,181,84,"cluster_2"
"70",50447934,233,28,"cluster_2"
"71",50451046,811,35,"cluster_2"
"72",50451242,244,30,"cluster_2"
"73",50451448,285,95,"cluster_2"
"74",50451815,496,19,"cluster_2"
"75",50453950,244,29,"cluster_2"
"76",50454044,171,15,"cluster_2"
"77",50454306,163,35,"cluster_2"
"78",50455309,292,17,"cluster_2"
"79",50455962,189,23,"cluster_2"
"80",50457100,508,15,"cluster_2"
"81",50457881,721,12,"cluster_2"
"82",50462180,221,32,"cluster_2"
"83",50462357,394,34,"cluster_2"
"84",50463299,208,14,"cluster_2"
"85",50466226,155,30,"cluster_2"
"86",50467430,167,19,"cluster_2"
"87",50467830,452,15,"cluster_2"
"88",50468159,262,25,"cluster_2"
"89",50468316,624,40,"cluster_2"
"90",50469829,197,15,"cluster_2"
"91",50470375,188,36,"cluster_2"
"92",50477296,147,21,"cluster_2"
"93",50478301,188,48,"cluster_2"
"94",50479706,287,15,"cluster_2"
"95",50479893,654,36,"cluster_2"
"96",50480857,206,6,"cluster_2"
"97",50481127,178,21,"cluster_2"
"98",50483797,532,16,"cluster_2"
"99",50484107,532,172,"cluster_2"
"100",50485069,228,64,"cluster_2"
"101",50487448,224,22,"cluster_2"
"102",50489717,608,19,"cluster_2"
"103",50491166,147,21,"cluster_2"
"104",50492692,440,11,"cluster_2"
"105",50493589,208,39,"cluster_2"
"106",50493928,262,196,"cluster_2"
"107",50494441,255,17,"cluster_2"
"108",50494636,390,26,"cluster_2"
"109",50495041,245,48,"cluster_2"
"110",50496217,288,37,"cluster_2"
"111",50496294,242,61,"cluster_2"
"112",50496822,252,20,"cluster_2"
"113",50496828,160,22,"cluster_2"
"114",50496986,402,129,"cluster_2"
"115",50497690,158,17,"cluster_2"
"116",50497810,260,16,"cluster_2"
"117",50497846,390,87,"cluster_2"
"118",50498517,234,31,"cluster_2"
"119",50498917,473,12,"cluster_2"
"120",50499751,527,11,"cluster_2"
"121",50500027,298,79,"cluster_2"
"122",50500041,507,13,"cluster_2"
"123",50500876,175,18,"cluster_2"
"124",50500894,194,95,"cluster_2"
"125",50501401,225,14,"cluster_2"
"126",50501985,242,19,"cluster_2"
"127",50502158,665,9,"cluster_2"
"128",50502494,172,27,"cluster_2"
"129",50503215,406,15,"cluster_2"
"130",50504355,575,10,"cluster_2"
"131",50505200,245,71,"cluster_2"
"132",50506289,393,12,"cluster_2"
"133",50507548,496,48,"cluster_2"
"134",50509560,146,25,"cluster_2"
"135",50510255,150,17,"cluster_2"
"136",50510310,203,64,"cluster_2"
"137",50511323,285,28,"cluster_2"
"138",50511665,148,27,"cluster_2"
"139",50513002,527,55,"cluster_2"
"140",50513883,225,19,"cluster_2"
"141",50513992,702,233,"cluster_2"
"142",50514150,279,14,"cluster_2"
"143",50514388,202,27,"cluster_2"
"144",50514527,855,20,"cluster_2"
"145",50515696,276,130,"cluster_2"
"146",50516072,356,23,"cluster_2"
"147",50516109,173,41,"cluster_2"
"148",50519714,156,26,"cluster_2"
"149",50520068,149,19,"cluster_2"
"150",50520939,546,18,"cluster_2"
"151",50522295,417,28,"cluster_2"
"152",50523440,298,22,"cluster_2"
"153",50524604,628,10,"cluster_2"
"154",50526095,368,30,"cluster_2"
"155",50527502,390,96,"cluster_2"
"156",50527772,486,41,"cluster_2"
"157",50528804,185,48,"cluster_2"
"158",50529207,515,10,"cluster_2"
"159",50532212,412,20,"cluster_2"
"160",50532928,296,23,"cluster_2"
"161",50533197,152,23,"cluster_2"
"162",50534599,186,14,"cluster_2"
"163",50535282,314,39,"cluster_2"
"164",50537572,461,9,"cluster_2"
"165",50538880,374,15,"cluster_2"
"166",50539580,484,18,"cluster_2"
"167",50540551,404,37,"cluster_2"
"168",50541440,176,26,"cluster_2"
"169",50546386,239,78,"cluster_2"
"170",50546974,261,17,"cluster_2"
"171",50548374,278,174,"cluster_2"
"172",50549202,192,21,"cluster_2"
"173",50549732,233,24,"cluster_2"
"174",50550405,281,24,"cluster_2"
"175",50550752,202,51,"cluster_2"
"176",50552458,571,15,"cluster_2"
"177",50554364,518,276,"cluster_2"
"178",50555426,274,36,"cluster_2"
"179",50557942,983,17,"cluster_2"
"180",50559070,549,24,"cluster_2"
"181",50561109,217,20,"cluster_2"
"182",50561548,390,45,"cluster_2"
"183",50561626,685,13,"cluster_2"
"184",50563572,259,26,"cluster_2"
"185",50563793,197,12,"cluster_2"
"186",50564067,314,9,"cluster_2"
"187",50564280,483,200,"cluster_2"
"188",50564736,556,30,"cluster_2"
"189",50564767,332,26,"cluster_2"
"190",50565001,262,32,"cluster_2"
"191",50565170,181,22,"cluster_2"
"192",50565373,720,10,"cluster_2"
"193",50565600,534,11,"cluster_2"
"194",50565853,293,147,"cluster_2"
"195",50566087,633,13,"cluster_2"
"196",50566523,180,38,"cluster_2"
"197",50566657,308,14,"cluster_2"
"198",50567772,159,16,"cluster_2"
"199",50567803,444,19,"cluster_2"
"200",50567828,276,107,"cluster_2"
"201",50568744,605,11,"cluster_2"
"202",50568782,247,200,"cluster_2"
"203",50569011,280,27,"cluster_2"
"204",50569281,360,28,"cluster_2"
"205",50569787,255,34,"cluster_2"
"206",50569927,263,19,"cluster_2"
"207",50570045,368,22,"cluster_2"
"208",50570325,268,10,"cluster_2"
"209",50571128,185,24,"cluster_2"
"210",50571507,313,27,"cluster_2"
"211",50572284,567,40,"cluster_2"
"212",50574175,670,178,"cluster_2"
"213",50574547,532,11,"cluster_2"
"214",50575336,352,20,"cluster_2"
"215",50576009,157,17,"cluster_2"
"216",50576494,193,34,"cluster_2"
"217",50576550,438,18,"cluster_2"
"218",50576608,261,55,"cluster_2"
"219",50576959,312,26,"cluster_2"
"220",50577012,221,21,"cluster_2"
"221",50577486,276,15,"cluster_2"
"222",50578438,158,19,"cluster_2"
"223",50578732,577,22,"cluster_2"
"224",50579060,150,22,"cluster_2"
"225",50579251,824,9,"cluster_2"
"226",50579438,203,43,"cluster_2"
"227",50580756,471,11,"cluster_2"
"228",50581324,420,12,"cluster_2"
"229",50581928,314,16,"cluster_2"
"230",50581930,849,13,"cluster_2"
"231",50583007,159,19,"cluster_2"
"232",50583717,386,19,"cluster_2"
"233",50584447,443,31,"cluster_2"
"234",50585374,476,13,"cluster_2"
"235",50585515,358,21,"cluster_2"
"236",50586072,203,29,"cluster_2"
"237",50586239,446,14,"cluster_2"
"238",50586857,189,42,"cluster_2"
"239",50587770,585,70,"cluster_2"
"240",50587809,212,49,"cluster_2"
"241",50587814,419,35,"cluster_2"
"242",50590711,193,40,"cluster_2"
"243",50590750,289,15,"cluster_2"
"244",50591112,247,58,"cluster_2"
"245",50591340,229,76,"cluster_2"
"246",50591547,577,31,"cluster_2"
"247",50592450,923,9,"cluster_2"
"248",50592674,214,29,"cluster_2"
"249",50592979,141,20,"cluster_2"
"250",50593478,472,15,"cluster_2"
"251",50593746,1003,10,"cluster_2"
"252",50593828,258,23,"cluster_2"
"253",50594472,283,90,"cluster_2"
"254",50594630,615,10,"cluster_2"
"255",50595295,149,22,"cluster_2"
"256",50595654,284,136,"cluster_2"
"257",50596095,492,17,"cluster_2"
"258",50596230,277,20,"cluster_2"
"259",50597082,317,18,"cluster_2"
"260",50597374,366,29,"cluster_2"
"261",50597434,173,27,"cluster_2"
"262",50597522,376,9,"cluster_2"
"263",50598044,234,3,"cluster_2"
"264",50598719,283,60,"cluster_2"
"265",50598749,399,118,"cluster_2"
"266",50599567,364,18,"cluster_2"
"267",50599737,382,37,"cluster_2"
"268",50601038,249,22,"cluster_2"
"269",50601130,271,73,"cluster_2"
"270",50601290,281,14,"cluster_2"
"271",50601457,733,21,"cluster_2"
"272",50601583,322,15,"cluster_2"
"273",50601697,553,47,"cluster_2"
"274",50601968,655,34,"cluster_2"
"275",50602144,491,42,"cluster_2"
"276",50602640,349,31,"cluster_2"
"277",50602690,726,10,"cluster_2"
"278",50603155,351,14,"cluster_2"
"279",50603317,232,31,"cluster_2"
"280",50603413,339,28,"cluster_2"
"281",50603767,869,88,"cluster_2"
"282",50604004,150,35,"cluster_2"
"283",50604059,545,15,"cluster_2"
"284",50604537,299,116,"cluster_2"
"285",50604698,617,23,"cluster_2"
"286",50605396,350,18,"cluster_2"
"287",50605675,361,13,"cluster_2"
"288",50606210,819,14,"cluster_2"
"289",50606348,150,21,"cluster_2"
"290",50606521,365,16,"cluster_2"
"291",50607719,292,48,"cluster_2"
"292",50608880,412,50,"cluster_2"
"293",50608987,172,26,"cluster_2"
"294",50609615,399,134,"cluster_2"
"295",50609709,412,15,"cluster_2"
"296",50609779,275,106,"cluster_2"
"297",50610869,673,11,"cluster_2"
"298",50611126,853,19,"cluster_2"
"299",50612159,739,10,"cluster_2"
"300",50612469,201,14,"cluster_2"
"301",50613132,366,19,"cluster_2"
"302",50613526,436,75,"cluster_2"
"303",50614172,299,144,"cluster_2"
"304",50614852,567,18,"cluster_2"
"305",50615154,185,14,"cluster_2"
"306",50616241,299,200,"cluster_2"
"307",50616531,550,25,"cluster_2"
"308",50616909,432,85,"cluster_2"
"309",50617111,169,63,"cluster_2"
"310",50617328,246,46,"cluster_2"
"311",50617707,532,43,"cluster_2"
"312",50617738,173,48,"cluster_2"
"313",50618080,222,41,"cluster_2"
"314",50618347,314,42,"cluster_2"
"315",50618795,173,16,"cluster_2"
"316",50620520,259,24,"cluster_2"
"317",50621894,361,27,"cluster_2"
"318",50621906,514,138,"cluster_2"
"319",50622143,260,47,"cluster_2"
"320",50623383,161,36,"cluster_2"
"321",50623504,380,12,"cluster_2"
"322",50624707,529,13,"cluster_2"
"323",50625096,257,34,"cluster_2"
"324",50625675,167,58,"cluster_2"
"325",50625851,799,29,"cluster_2"
"326",50625940,208,31,"cluster_2"
"327",50627345,225,24,"cluster_2"
"328",50627969,864,15,"cluster_2"
"329",50628812,226,97,"cluster_2"
"330",50629082,933,9,"cluster_2"
"331",50629132,157,28,"cluster_2"
"332",50629198,178,35,"cluster_2"
"333",50629811,270,26,"cluster_2"
"334",50630583,189,55,"cluster_2"
"335",50630900,262,27,"cluster_2"
"336",50631284,188,21,"cluster_2"
"337",50631318,202,26,"cluster_2"
"338",50632270,197,28,"cluster_2"
"339",50632299,167,43,"cluster_2"
"340",50632688,168,38,"cluster_2"
"341",50633826,468,10,"cluster_2"
"342",50634228,742,24,"cluster_2"
"343",50634508,293,14,"cluster_2"
"344",50634848,662,26,"cluster_2"
"345",50635402,180,47,"cluster_2"
"346",50635470,252,37,"cluster_2"
"347",50635629,434,16,"cluster_2"
"348",50636141,434,6,"cluster_2"
"349",50637567,335,13,"cluster_2"
"350",50637861,475,30,"cluster_2"
"351",50638236,963,19,"cluster_2"
"352",50638447,321,14,"cluster_2"
"353",50639452,230,21,"cluster_2"
"354",50640324,285,16,"cluster_2"
"355",50640741,417,76,"cluster_2"
"356",50641405,188,17,"cluster_2"
"357",50642289,261,19,"cluster_2"
"358",50642485,198,14,"cluster_2"
"359",50642613,189,36,"cluster_2"
"360",50642660,210,29,"cluster_2"
"361",50643671,844,9,"cluster_2"
"362",50644181,525,49,"cluster_2"
"363",50644878,592,15,"cluster_2"
"364",50645178,300,30,"cluster_2"
"365",50646266,488,11,"cluster_2"
"366",50646407,149,14,"cluster_2"
"367",50646747,295,161,"cluster_2"
"368",50646883,235,57,"cluster_2"
"369",50647648,465,25,"cluster_2"
"370",50647676,437,17,"cluster_2"
"371",50647762,742,14,"cluster_2"
"372",50647983,186,30,"cluster_2"
"373",50648442,605,14,"cluster_2"
"374",50648643,199,30,"cluster_2"
"375",50648773,157,31,"cluster_2"
"376",50649225,246,24,"cluster_2"
"377",50649802,281,126,"cluster_2"
"378",50649805,462,14,"cluster_2"
"379",50650311,763,22,"cluster_2"
"380",50651469,508,11,"cluster_2"
"381",50652182,210,30,"cluster_2"
"382",50652458,296,15,"cluster_2"
"383",50652979,349,196,"cluster_2"
"384",50653003,217,18,"cluster_2"
"385",50654810,651,20,"cluster_2"
"386",50655100,207,29,"cluster_2"
"387",50655115,206,25,"cluster_2"
"388",50655935,1147,16,"cluster_2"
"389",50656868,226,26,"cluster_2"
"390",50658879,607,18,"cluster_2"
"391",50659387,287,27,"cluster_2"
"392",50659723,278,66,"cluster_2"
"393",50659729,255,49,"cluster_2"
"394",50660470,171,24,"cluster_2"
"395",50660701,273,15,"cluster_2"
"396",50660738,177,18,"cluster_2"
"397",50660776,168,19,"cluster_2"
"398",50661314,357,15,"cluster_2"
"399",50661383,217,120,"cluster_2"
"400",50662258,196,25,"cluster_2"
"401",50662357,581,16,"cluster_2"
"402",50662571,168,21,"cluster_2"
"403",50662726,703,39,"cluster_2"
"404",50664443,487,11,"cluster_2"
"405",50664779,192,71,"cluster_2"
"406",50664849,225,27,"cluster_2"
"407",50667063,533,24,"cluster_2"
"408",50667341,395,14,"cluster_2"
"409",50668384,183,21,"cluster_2"
"410",50668543,276,33,"cluster_2"
"411",50668987,254,22,"cluster_2"
"412",50669942,642,34,"cluster_2"
"413",50670183,190,17,"cluster_2"
"414",50670401,252,73,"cluster_2"
"415",50671436,327,19,"cluster_2"
"416",50672121,214,31,"cluster_2"
"417",50672651,390,29,"cluster_2"
"418",50672671,220,22,"cluster_2"
"419",50672734,527,29,"cluster_2"
"420",50673668,311,46,"cluster_2"
"421",50674973,237,42,"cluster_2"
"422",50675258,242,103,"cluster_2"
"423",50675866,527,15,"cluster_2"
"424",50675959,402,42,"cluster_2"
"425",50676340,177,20,"cluster_2"
"426",50676346,869,9,"cluster_2"
"427",50676385,203,19,"cluster_2"
"428",50676586,220,10,"cluster_2"
"429",50676878,254,62,"cluster_2"
"430",50677220,621,40,"cluster_2"
"431",50678210,283,188,"cluster_2"
"432",50678458,380,66,"cluster_2"
"433",50679440,217,13,"cluster_2"
"434",50679541,558,12,"cluster_2"
"435",50679772,246,23,"cluster_2"
"436",50680582,154,41,"cluster_2"
"437",50680821,571,21,"cluster_2"
"438",50680963,159,41,"cluster_2"
"439",50682352,248,27,"cluster_2"
"440",50682475,221,48,"cluster_2"
"441",50683036,801,26,"cluster_2"
"442",50683646,209,89,"cluster_2"
"443",50683993,206,75,"cluster_2"
"444",50685943,264,196,"cluster_2"
"445",50685949,244,34,"cluster_2"
"446",50686261,198,84,"cluster_2"
"447",50686333,174,31,"cluster_2"
"448",50686915,273,91,"cluster_2"
"449",50687558,271,66,"cluster_2"
"450",50687619,492,17,"cluster_2"
"451",50687766,437,9,"cluster_2"
"452",50687845,232,21,"cluster_2"
"453",50688659,289,25,"cluster_2"
"454",50688813,318,31,"cluster_2"
"455",50688821,447,15,"cluster_2"
"456",50689419,230,21,"cluster_2"
"457",50689548,567,59,"cluster_2"
"458",50689968,287,23,"cluster_2"
"459",50690855,746,19,"cluster_2"
"460",50692725,253,18,"cluster_2"
"461",50692945,314,27,"cluster_2"
"462",50694328,185,22,"cluster_2"
"463",50694758,172,76,"cluster_2"
"464",50694809,432,156,"cluster_2"
"465",50694901,297,15,"cluster_2"
"466",50695492,371,24,"cluster_2"
"467",50695687,166,26,"cluster_2"
"468",50695892,851,13,"cluster_2"
"469",50696008,164,30,"cluster_2"
"470",50697898,278,28,"cluster_2"
"471",50698018,273,39,"cluster_2"
"472",50698845,481,20,"cluster_2"
"473",50698934,443,40,"cluster_2"
"474",50699051,642,15,"cluster_2"
"475",50700316,485,9,"cluster_2"
"476",50700604,513,10,"cluster_2"
"477",50702288,311,38,"cluster_2"
"478",50702763,210,35,"cluster_2"
"479",50702784,159,35,"cluster_2"
"480",50702876,160,56,"cluster_2"
"481",50703071,1074,15,"cluster_2"
"482",50703262,450,14,"cluster_2"
"483",50703326,621,22,"cluster_2"
"484",50703409,272,20,"cluster_2"
"485",50703996,145,21,"cluster_2"
"486",50705190,603,50,"cluster_2"
"487",50705417,211,39,"cluster_2"
"488",50705536,530,14,"cluster_2"
"489",50706111,443,31,"cluster_2"
"490",50706218,253,19,"cluster_2"
"491",50706623,193,20,"cluster_2"
"492",50706697,198,37,"cluster_2"
"493",50706719,289,48,"cluster_2"
"494",50706833,405,17,"cluster_2"
"495",50707259,336,14,"cluster_2"
"496",50707483,431,17,"cluster_2"
"497",50707742,469,21,"cluster_2"
"498",50709160,512,32,"cluster_2"
"499",50709344,703,22,"cluster_2"
"500",50710401,187,54,"cluster_2"
"501",50710938,547,10,"cluster_2"
"502",50712013,450,100,"cluster_2"
"503",50712067,173,51,"cluster_2"
"504",50712422,172,55,"cluster_2"
"505",50712588,236,22,"cluster_2"
"506",50713595,214,65,"cluster_2"
"507",50713882,359,24,"cluster_2"
"508",50714013,380,14,"cluster_2"
"509",50714381,181,20,"cluster_2"
"510",50714565,283,36,"cluster_2"
"511",50714896,284,31,"cluster_2"
"512",50715410,242,35,"cluster_2"
"513",50715564,333,17,"cluster_2"
"514",50715836,190,29,"cluster_2"
"515",50716094,219,37,"cluster_2"
"516",50716201,255,125,"cluster_2"
"517",50717135,890,13,"cluster_2"
"518",50717772,167,32,"cluster_2"
"519",50718513,473,16,"cluster_2"
"520",50718798,233,62,"cluster_2"
"521",50719367,564,19,"cluster_2"
"522",50719408,402,39,"cluster_2"
"523",50719648,514,14,"cluster_2"
"524",50719859,198,78,"cluster_2"
"525",50720236,180,31,"cluster_2"
"526",50720243,163,27,"cluster_2"
"527",50720364,274,100,"cluster_2"
"528",50721107,542,13,"cluster_2"
"529",50721487,256,23,"cluster_2"
"530",50722226,572,264,"cluster_2"
"531",50724293,197,30,"cluster_2"
"532",50724767,158,21,"cluster_2"
"533",50725316,335,15,"cluster_2"
"534",50725456,234,24,"cluster_2"
"535",50725640,322,25,"cluster_2"
"536",50725707,396,32,"cluster_2"
"537",50726704,855,30,"cluster_2"
"538",50727055,530,18,"cluster_2"
"539",50727284,169,18,"cluster_2"
"540",50727529,165,30,"cluster_2"
"541",50727591,582,11,"cluster_2"
"542",50727921,155,30,"cluster_2"
"543",50728036,244,32,"cluster_2"
"544",50728773,163,25,"cluster_2"
"545",50728783,396,29,"cluster_2"
"546",50728998,200,15,"cluster_2"
"547",50729652,328,18,"cluster_2"
"548",50729995,626,17,"cluster_2"
"549",50730911,318,30,"cluster_2"
"550",50731226,402,50,"cluster_2"
"551",50731386,450,19,"cluster_2"
"552",50731827,209,29,"cluster_2"
"553",50731931,489,30,"cluster_2"
"554",50732313,173,20,"cluster_2"
"555",50732400,432,23,"cluster_2"
"556",50733034,491,49,"cluster_2"
"557",50733156,206,28,"cluster_2"
"558",50733925,570,14,"cluster_2"
"559",50734051,478,22,"cluster_2"
"560",50734418,710,30,"cluster_2"
"561",50734769,232,33,"cluster_2"
"562",50735322,629,12,"cluster_2"
"563",50736086,311,16,"cluster_2"
"564",50736259,475,279,"cluster_2"
"565",50736287,506,25,"cluster_2"
"566",50736700,402,74,"cluster_2"
"567",50737604,339,24,"cluster_2"
"568",50737744,386,25,"cluster_2"
"569",50737941,212,137,"cluster_2"
"570",50738107,295,17,"cluster_2"
"571",50739216,332,39,"cluster_2"
"572",50739640,194,15,"cluster_2"
"573",50739662,197,23,"cluster_2"
"574",50739753,290,13,"cluster_2"
"575",50740008,638,75,"cluster_2"
"576",50740834,157,23,"cluster_2"
"577",50740835,824,18,"cluster_2"
"578",50740918,165,23,"cluster_2"
"579",50741076,207,19,"cluster_2"
"580",50742829,291,24,"cluster_2"
"581",50743853,165,50,"cluster_2"
"582",50743900,344,22,"cluster_2"
"583",50744329,157,16,"cluster_2"
"584",50744338,1017,12,"cluster_2"
"585",50745731,599,14,"cluster_2"
"586",50745914,234,69,"cluster_2"
"587",50745939,227,52,"cluster_2"
"588",50747047,271,28,"cluster_2"
"589",50747320,269,13,"cluster_2"
"590",50747509,746,126,"cluster_2"
"591",50747560,311,68,"cluster_2"
"592",50748103,153,25,"cluster_2"
"593",50748687,273,48,"cluster_2"
"594",50749438,415,23,"cluster_2"
"595",50749541,189,36,"cluster_2"
"596",50749833,186,73,"cluster_2"
"597",50749867,214,44,"cluster_2"
"598",50750471,303,14,"cluster_2"
"599",50750763,262,26,"cluster_2"
"600",50750773,190,26,"cluster_2"
"601",50751118,338,12,"cluster_2"
"602",50751405,431,36,"cluster_2"
"603",50751459,159,17,"cluster_2"
"604",50752024,159,36,"cluster_2"
"605",50752474,160,55,"cluster_2"
"606",50754355,587,21,"cluster_2"
"607",50754557,243,34,"cluster_2"
"608",50755989,170,22,"cluster_2"
"609",50756006,176,23,"cluster_2"
"610",50756806,283,184,"cluster_2"
"611",50757014,224,15,"cluster_2"
"612",50757150,284,46,"cluster_2"
"613",50757457,208,17,"cluster_2"
"614",50757633,314,17,"cluster_2"
"615",50757685,259,76,"cluster_2"
"616",50757912,216,30,"cluster_2"
"617",50758002,432,35,"cluster_2"
"618",50758027,339,16,"cluster_2"
"619",50758854,348,215,"cluster_2"
"620",50758981,238,17,"cluster_2"
"621",50759494,242,107,"cluster_2"
"622",50760853,188,72,"cluster_2"
"623",50760955,152,39,"cluster_2"
"624",50760967,415,28,"cluster_2"
"625",50761038,303,15,"cluster_2"
"626",50761500,633,29,"cluster_2"
"627",50762050,483,30,"cluster_2"
"628",50762226,844,21,"cluster_2"
"629",50762291,638,12,"cluster_2"
"630",50762627,247,20,"cluster_2"
"631",50762645,179,29,"cluster_2"
"632",50763473,211,84,"cluster_2"
"633",50763765,332,33,"cluster_2"
"634",50765330,346,18,"cluster_2"
"635",50765819,294,27,"cluster_2"
"636",50766195,174,24,"cluster_2"
"637",50766212,173,30,"cluster_2"
"638",50766452,219,23,"cluster_2"
"639",50766458,480,12,"cluster_2"
"640",50766728,454,53,"cluster_2"
"641",50766793,250,18,"cluster_2"
"642",50767482,318,20,"cluster_2"
"643",50767494,487,12,"cluster_2"
"644",50767738,239,17,"cluster_2"
"645",50768173,180,25,"cluster_2"
"646",50768412,256,12,"cluster_2"
"647",50768566,172,14,"cluster_2"
"648",50769006,210,20,"cluster_2"
"649",50769321,221,28,"cluster_2"
"650",50769445,318,27,"cluster_2"
"651",50771040,154,33,"cluster_2"
"652",50771453,153,20,"cluster_2"
"653",50772446,204,23,"cluster_2"
"654",50772629,266,37,"cluster_2"
"655",50773754,642,9,"cluster_2"
"656",50774834,446,13,"cluster_2"
"657",50775537,306,15,"cluster_2"
"658",50775604,196,96,"cluster_2"
"659",50775719,349,21,"cluster_2"
"660",50776037,195,35,"cluster_2"
"661",50777381,412,31,"cluster_2"
"662",50777573,380,37,"cluster_2"
"663",50779118,206,26,"cluster_2"
"664",50779201,219,15,"cluster_2"
"665",50779202,347,21,"cluster_2"
"666",50779287,151,28,"cluster_2"
"667",50779601,320,29,"cluster_2"
"668",50780298,167,34,"cluster_2"
"669",50780648,421,22,"cluster_2"
"670",50780813,733,9,"cluster_2"
"671",50781295,198,70,"cluster_2"
"672",50781552,356,16,"cluster_2"
"673",50782180,262,81,"cluster_2"
"674",50782198,335,21,"cluster_2"
"675",50782434,150,21,"cluster_2"
"676",50784272,253,21,"cluster_2"
"677",50784654,161,25,"cluster_2"
"678",50785292,359,108,"cluster_2"
"679",50786972,180,90,"cluster_2"
"680",50788311,266,14,"cluster_2"
"681",50788636,269,32,"cluster_2"
"682",50788960,199,32,"cluster_2"
"683",50791382,179,79,"cluster_2"
"684",50792468,157,30,"cluster_2"
"685",50793065,496,22,"cluster_2"
"686",50793965,275,17,"cluster_2"
"687",50794080,357,204,"cluster_2"
"688",50794229,568,20,"cluster_2"
"689",50794429,161,50,"cluster_2"
"690",50795489,292,9,"cluster_2"
"691",50795871,743,22,"cluster_2"
"692",50796777,211,24,"cluster_2"
"693",50796958,277,25,"cluster_2"
"694",50799019,314,20,"cluster_2"
"695",50799746,221,27,"cluster_2"
"696",50807615,204,104,"cluster_2"
"697",50810826,224,19,"cluster_2"
"698",50811569,182,39,"cluster_2"
"699",50812055,196,17,"cluster_2"
"700",50816623,155,25,"cluster_2"
"701",50817225,220,21,"cluster_2"
"702",50820119,345,20,"cluster_2"
"703",50820711,188,81,"cluster_2"
"704",50821176,343,19,"cluster_2"
"705",50821860,242,20,"cluster_2"
"706",50822698,412,16,"cluster_2"
"707",50826212,344,17,"cluster_2"
"708",50828487,292,24,"cluster_2"
"709",50829242,212,30,"cluster_2"
"710",50830396,222,152,"cluster_2"
"711",50832994,579,13,"cluster_2"
"712",50835787,171,15,"cluster_2"
"713",50840743,353,186,"cluster_2"
"714",50845286,416,16,"cluster_2"
"715",50847285,198,24,"cluster_2"
"716",50847499,217,36,"cluster_2"
"717",50847700,193,41,"cluster_2"
"718",50847929,429,29,"cluster_2"
"719",50848217,140,18,"cluster_2"
"720",50850105,391,99,"cluster_2"
"721",50853441,273,18,"cluster_2"
"722",50871381,266,22,"cluster_2"
"723",50875805,208,17,"cluster_2"
"724",50879612,179,18,"cluster_2"
"725",50882573,234,22,"cluster_2"
"726",50884447,682,41,"cluster_2"
"727",50884461,204,44,"cluster_2"
"728",50885373,1007,12,"cluster_2"
"729",50888733,214,59,"cluster_2"
"730",50892023,346,30,"cluster_2"
"731",50894142,427,21,"cluster_2"
"732",50894847,831,12,"cluster_2"
"733",50895865,273,31,"cluster_2"
"734",50899522,231,18,"cluster_2"
"735",50903275,206,106,"cluster_2"
"736",50903761,175,35,"cluster_2"
"737",50904389,222,24,"cluster_2"
"738",50906459,233,63,"cluster_2"
"739",50908529,395,17,"cluster_2"
"740",50910241,160,31,"cluster_2"
"741",50914789,200,39,"cluster_2"
"742",50916362,186,33,"cluster_2"
"743",50922744,147,20,"cluster_2"
"744",50927362,501,12,"cluster_2"
"745",50929354,262,120,"cluster_2"
"746",50939608,195,60,"cluster_2"
"747",50940578,305,77,"cluster_2"
"748",50941235,197,12,"cluster_2"
"749",50942054,195,44,"cluster_2"
"750",50944671,277,13,"cluster_2"
"751",50945081,188,30,"cluster_2"
"752",50947476,226,51,"cluster_2"
"753",50950174,224,33,"cluster_2"
"754",50950255,194,53,"cluster_2"
"755",50951359,415,22,"cluster_2"
"756",50961978,278,31,"cluster_2"
"757",50965432,277,28,"cluster_2"
"758",50973493,232,20,"cluster_2"
"759",50973529,177,35,"cluster_2"
"760",50975205,238,24,"cluster_2"
"761",50975758,249,13,"cluster_2"
"762",50977403,195,106,"cluster_2"
"763",50979100,296,16,"cluster_2"
"764",50980049,207,43,"cluster_2"
"765",50981722,229,21,"cluster_2"
"766",50986924,192,46,"cluster_2"
"767",50987466,189,31,"cluster_2"
"768",50989249,189,24,"cluster_2"
"769",50989440,175,34,"cluster_2"
"770",50990011,276,204,"cluster_2"
"771",50993351,168,35,"cluster_2"
"772",50995749,276,26,"cluster_2"
"773",50997251,185,20,"cluster_2"
"774",50999851,249,104,"cluster_2"
"775",51001658,194,28,"cluster_2"
"776",51004090,355,28,"cluster_2"
"777",51004907,178,23,"cluster_2"
"778",51005129,358,174,"cluster_2"
"779",51007007,237,48,"cluster_2"
"780",51008676,216,19,"cluster_2"
"781",51010347,201,49,"cluster_2"
"782",51011378,168,29,"cluster_2"
"783",51011604,443,140,"cluster_2"
"784",51011944,367,127,"cluster_2"
"785",51013338,280,28,"cluster_2"
"786",51013934,181,41,"cluster_2"
"787",51015386,164,29,"cluster_2"
"788",51017401,173,18,"cluster_2"
"789",51019223,255,35,"cluster_2"
"790",51025920,208,20,"cluster_2"
"791",51028069,510,14,"cluster_2"
"792",51028526,428,28,"cluster_2"
"793",51028798,194,31,"cluster_2"
"794",51029119,142,24,"cluster_2"
"795",51029685,612,12,"cluster_2"
"796",51030541,174,59,"cluster_2"
"797",51033738,190,18,"cluster_2"
"798",51036830,201,71,"cluster_2"
"799",51037506,254,15,"cluster_2"
"800",51044246,226,13,"cluster_2"
"801",51045569,282,17,"cluster_2"
"802",51045723,198,22,"cluster_2"
"803",51050248,173,65,"cluster_2"
"804",51051833,187,24,"cluster_2"
"805",51057696,218,14,"cluster_2"
"806",51058090,206,15,"cluster_2"
"807",51058809,193,41,"cluster_2"
"808",51059843,191,27,"cluster_2"
"809",51060770,207,40,"cluster_2"
"810",51062049,222,27,"cluster_2"
"811",51068347,217,41,"cluster_2"
"812",51068548,154,44,"cluster_2"
"813",51074595,159,36,"cluster_2"
"814",51084614,314,21,"cluster_2"
"815",51085075,144,21,"cluster_2"
"816",51085677,244,49,"cluster_2"
"817",51091248,459,64,"cluster_2"
"818",51092990,286,11,"cluster_2"
"819",51093981,271,49,"cluster_2"
"820",51095702,228,13,"cluster_2"
"821",51096683,177,16,"cluster_2"
"822",51097649,616,20,"cluster_2"
"823",51107633,242,14,"cluster_2"
"824",51108858,240,26,"cluster_2"
"825",51109529,254,29,"cluster_2"
"826",51111677,185,35,"cluster_2"
"827",51120913,550,22,"cluster_2"
"828",51122129,152,33,"cluster_2"
"829",51131225,217,86,"cluster_2"
"830",51132003,441,13,"cluster_2"
"831",51132063,244,19,"cluster_2"
"832",51132471,348,13,"cluster_2"
"833",51139045,168,39,"cluster_2"
"834",51139817,155,29,"cluster_2"
"835",51146329,224,18,"cluster_2"
"836",51147762,340,32,"cluster_2"
"837",51150389,261,63,"cluster_2"
"838",51151213,357,17,"cluster_2"
"839",51158549,221,14,"cluster_2"
"840",51162761,168,30,"cluster_2"
"841",51163730,195,41,"cluster_2"
"842",51164001,223,47,"cluster_2"
"843",51165345,222,21,"cluster_2"
"844",51166349,224,34,"cluster_2"
"845",51170011,225,49,"cluster_2"
"846",51172265,195,25,"cluster_2"
"847",51172830,153,35,"cluster_2"
"848",51175944,156,21,"cluster_2"
"849",51177517,169,43,"cluster_2"
"850",51178899,311,20,"cluster_2"
"851",51180418,209,94,"cluster_2"
"852",51180688,328,20,"cluster_2"
"853",51182466,235,38,"cluster_2"
"854",51182688,199,27,"cluster_2"
"855",51184802,411,11,"cluster_2"
"856",51187999,170,38,"cluster_2"
"857",51188544,914,15,"cluster_2"
"858",51193534,278,39,"cluster_2"
"859",51193936,170,21,"cluster_2"
"860",51194781,205,17,"cluster_2"
"861",51199030,178,31,"cluster_2"
"862",51200839,163,48,"cluster_2"
"863",51200973,296,24,"cluster_2"
"864",51202190,244,29,"cluster_2"
"865",51203832,224,65,"cluster_2"
"866",51207246,166,32,"cluster_2"
"867",51208164,201,36,"cluster_2"
"868",51212152,157,49,"cluster_2"
"869",51221411,196,10,"cluster_2"
"870",51222990,183,25,"cluster_2"
"871",51225758,197,78,"cluster_2"
"872",51226909,242,13,"cluster_2"
"873",51232747,257,46,"cluster_2"
"874",51233760,161,26,"cluster_2"
"875",51234191,235,21,"cluster_2"
"876",51235792,177,52,"cluster_2"
"877",51237393,235,54,"cluster_2"
"878",51240973,215,23,"cluster_2"
"879",51244063,298,14,"cluster_2"
"880",51244465,224,32,"cluster_2"
"881",51244648,188,27,"cluster_2"
"882",51244769,191,41,"cluster_2"
"883",51251828,153,41,"cluster_2"
"884",51252996,231,12,"cluster_2"
"885",51253207,246,20,"cluster_2"
"886",51256225,254,19,"cluster_2"
"887",51256293,170,44,"cluster_2"
"888",51259641,285,16,"cluster_2"
"889",51259729,195,56,"cluster_2"
"890",51267490,430,29,"cluster_2"
"891",51270530,303,15,"cluster_2"
"892",51273114,291,41,"cluster_2"
"893",51273821,221,56,"cluster_2"
"894",51274225,238,25,"cluster_2"
"895",51276741,515,21,"cluster_2"
"896",51277105,165,56,"cluster_2"
"897",51278130,193,23,"cluster_2"
"898",51278336,253,37,"cluster_2"
"899",51280503,200,30,"cluster_2"
"900",51282829,262,60,"cluster_2"
"901",51282896,171,48,"cluster_2"
"902",51284527,494,14,"cluster_2"
"903",51285877,183,49,"cluster_2"
"904",51287045,224,22,"cluster_2"
"905",51289497,379,17,"cluster_2"
"906",51289779,181,17,"cluster_2"
"907",51290059,170,41,"cluster_2"
"908",51292008,590,41,"cluster_2"
"909",51293907,300,24,"cluster_2"
"910",51294393,213,14,"cluster_2"
"911",51296494,444,23,"cluster_2"
"912",51297407,444,39,"cluster_2"
"913",51298784,159,35,"cluster_2"
"914",51300729,200,83,"cluster_2"
"915",51304230,203,22,"cluster_2"
"916",51307414,157,23,"cluster_2"
"917",51310965,198,55,"cluster_2"
"918",51311702,649,21,"cluster_2"
"919",51312795,211,14,"cluster_2"
"920",51312828,560,9,"cluster_2"
"921",51318471,158,22,"cluster_2"
"922",51319817,159,32,"cluster_2"
"923",51319844,518,18,"cluster_2"
"924",51323307,159,45,"cluster_2"
"925",51325996,236,32,"cluster_2"
"926",51327874,182,20,"cluster_2"
"927",51328009,666,14,"cluster_2"
"928",51329230,198,7,"cluster_2"
"929",51337244,253,23,"cluster_2"
"930",51338753,223,62,"cluster_2"
"931",51341960,319,10,"cluster_2"
"932",51345803,439,26,"cluster_2"
"933",51355987,327,20,"cluster_2"
"934",51359878,146,27,"cluster_2"
"935",51361016,167,28,"cluster_2"
"936",51361143,231,62,"cluster_2"
"937",51364304,285,20,"cluster_2"
"938",51368777,733,21,"cluster_2"
"939",51372129,305,14,"cluster_2"
"940",51373860,234,45,"cluster_2"
"941",51374228,147,27,"cluster_2"
"942",51377172,219,18,"cluster_2"
"943",51383723,324,14,"cluster_2"
"944",51387023,193,27,"cluster_2"
"945",51387372,302,19,"cluster_2"
"946",51388301,480,10,"cluster_2"
"947",51399837,422,48,"cluster_2"
"948",51402148,181,32,"cluster_2"
"949",51406218,204,35,"cluster_2"
"950",51408311,244,120,"cluster_2"
"951",51416059,162,34,"cluster_2"
"952",51416790,206,11,"cluster_2"
"953",51419790,202,40,"cluster_2"
"954",51422009,189,49,"cluster_2"
"955",51422589,428,8,"cluster_2"
"956",51423027,226,49,"cluster_2"
"957",51423380,201,28,"cluster_2"
"958",51424816,154,30,"cluster_2"
"959",51430537,288,35,"cluster_2"
"960",51433609,286,25,"cluster_2"
"961",51433819,180,60,"cluster_2"
"962",51434264,858,8,"cluster_2"
"963",51437784,169,21,"cluster_2"
"964",51437808,185,39,"cluster_2"
"965",51439884,613,35,"cluster_2"
"966",51440713,157,46,"cluster_2"
"967",51442916,156,29,"cluster_2"
"968",51444601,436,10,"cluster_2"
"969",51446098,337,26,"cluster_2"
"970",51446600,199,15,"cluster_2"
"971",51447479,203,21,"cluster_2"
"972",51448201,319,27,"cluster_2"
"973",51453898,227,21,"cluster_2"
"974",51455559,610,161,"cluster_2"
"975",51456999,933,28,"cluster_2"
"976",51461502,268,26,"cluster_2"
"977",51461934,260,33,"cluster_2"
"978",51471019,168,24,"cluster_2"
"979",51474927,345,176,"cluster_2"
"980",51476832,417,25,"cluster_2"
"981",51477170,374,106,"cluster_2"
"982",51479099,237,110,"cluster_2"
"983",51481074,156,31,"cluster_2"
"984",51485734,593,24,"cluster_2"
"985",51490247,481,9,"cluster_2"
"986",51494116,226,108,"cluster_2"
"987",51495411,345,190,"cluster_2"
"988",51497278,174,7,"cluster_2"
"989",51501692,153,41,"cluster_2"
"990",51508241,562,36,"cluster_2"
"991",51508766,345,26,"cluster_2"
"992",51512854,395,14,"cluster_2"
"993",51513272,171,29,"cluster_2"
"994",51513437,169,24,"cluster_2"
"995",51516947,250,17,"cluster_2"
"996",51519720,253,49,"cluster_2"
"997",51522026,269,16,"cluster_2"
"998",51523402,600,13,"cluster_2"
"999",51524952,160,29,"cluster_2"
"1000",51529793,613,10,"cluster_2"
"1001",51531664,186,21,"cluster_2"
"1002",51532450,318,22,"cluster_2"
"1003",51532811,240,77,"cluster_2"
"1004",51533338,177,39,"cluster_2"
"1005",51534282,206,32,"cluster_2"
"1006",51535298,367,36,"cluster_2"
"1007",51535470,231,121,"cluster_2"
"1008",51536389,234,28,"cluster_2"
"1009",51537504,183,31,"cluster_2"
"1010",51537683,165,23,"cluster_2"
"1011",51539774,273,31,"cluster_2"
"1012",51540120,215,60,"cluster_2"
"1013",51540162,155,22,"cluster_2"
"1014",51541836,246,113,"cluster_2"
"1015",51542906,311,12,"cluster_2"
"1016",51544848,212,27,"cluster_2"
"1017",51545568,278,126,"cluster_2"
"1018",51546686,405,25,"cluster_2"
"1019",51547938,318,23,"cluster_2"
"1020",51547967,233,24,"cluster_2"
"1021",51551924,226,69,"cluster_2"
"1022",51552870,255,29,"cluster_2"
"1023",51554398,612,273,"cluster_2"
"1024",51554704,416,27,"cluster_2"
"1025",51556089,251,20,"cluster_2"
"1026",51556904,202,22,"cluster_2"
"1027",51558473,402,30,"cluster_2"
"1028",51581041,638,12,"cluster_2"
"1029",51733092,245,17,"cluster_2"
"1030",53054399,284,15,"cluster_2"
"1031",53427408,160,49,"cluster_2"
"1032",53519327,161,36,"cluster_2"
"1033",53596281,329,18,"cluster_2"
"1034",53597174,180,34,"cluster_2"
"1035",53598439,196,23,"cluster_2"
"1036",53600445,247,12,"cluster_2"
"1037",53608877,351,14,"cluster_2"
"1038",53618771,256,41,"cluster_2"
"1039",53620051,381,69,"cluster_2"
"1040",53623346,437,16,"cluster_2"
"1041",53624242,185,39,"cluster_2"
"1042",53626498,283,40,"cluster_2"
"1043",53636445,259,31,"cluster_2"
"1044",53637335,158,25,"cluster_2"
"1045",53638128,336,18,"cluster_2"
"1046",53642408,480,13,"cluster_2"
"1047",53643644,167,16,"cluster_2"
"1048",53653331,143,17,"cluster_2"
"1049",53654259,218,21,"cluster_2"
"1050",53655916,205,16,"cluster_2"
"1051",53690649,214,55,"cluster_2"
"1052",53691143,187,15,"cluster_2"
"1053",53703769,146,24,"cluster_2"
"1054",53712225,193,24,"cluster_2"
"1055",53713298,360,16,"cluster_2"
"1056",53713427,255,70,"cluster_2"
"1057",53784546,312,13,"cluster_2"
"1058",53784982,198,15,"cluster_2"
"1059",53786024,182,28,"cluster_2"
"1060",53788016,155,39,"cluster_2"
"1061",53788653,154,37,"cluster_2"
"1062",53792034,656,27,"cluster_2"
"1063",53795099,229,23,"cluster_2"
"1064",53800071,437,15,"cluster_2"
"1065",53803837,164,34,"cluster_2"
"1066",53803876,429,13,"cluster_2"
"1067",53804479,191,41,"cluster_2"
"1068",53804585,145,27,"cluster_2"
"1069",53804753,417,14,"cluster_2"
"1070",53804774,210,26,"cluster_2"
"1071",53804836,243,25,"cluster_2"
"1072",53805114,333,24,"cluster_2"
"1073",53805398,495,12,"cluster_2"
"1074",53805659,164,21,"cluster_2"
"1075",53805714,325,17,"cluster_2"
"1076",53805883,254,22,"cluster_2"
"1077",53806021,233,89,"cluster_2"
"1078",53806175,515,210,"cluster_2"
"1079",53806401,238,19,"cluster_2"
"1080",53806548,305,14,"cluster_2"
"1081",53806784,151,32,"cluster_2"
"1082",53807732,223,19,"cluster_2"
"1083",53807962,240,21,"cluster_2"
"1084",53809131,194,50,"cluster_2"
"1085",53809218,545,12,"cluster_2"
"1086",53809349,288,15,"cluster_2"
"1087",53809385,185,83,"cluster_2"
"1088",53809510,160,25,"cluster_2"
"1089",53810590,149,33,"cluster_2"
"1090",53810710,357,93,"cluster_2"
"1091",53811121,205,50,"cluster_2"
"1092",53811150,148,20,"cluster_2"
"1093",53811352,194,35,"cluster_2"
"1094",53811474,204,26,"cluster_2"
"1095",53811806,199,23,"cluster_2"
"1096",53811843,145,23,"cluster_2"
"1097",53811936,258,49,"cluster_2"
"1098",53812265,155,31,"cluster_2"
"1099",53812576,588,15,"cluster_2"
"1100",53812683,264,24,"cluster_2"
"1101",53812702,264,198,"cluster_2"
"1102",53813271,215,24,"cluster_2"
"1103",53813592,208,20,"cluster_2"
"1104",53813996,361,12,"cluster_2"
"1105",53814016,241,36,"cluster_2"
"1106",53814648,325,24,"cluster_2"
"1107",53814658,473,14,"cluster_2"
"1108",53814660,293,46,"cluster_2"
"1109",53815057,490,9,"cluster_2"
"1110",53815079,700,14,"cluster_2"
"1111",53815314,322,20,"cluster_2"
"1112",53815350,239,71,"cluster_2"
"1113",53815492,149,21,"cluster_2"
"1114",53816005,243,16,"cluster_2"
"1115",53816330,151,19,"cluster_2"
"1116",53816359,164,16,"cluster_2"
"1117",53816367,310,97,"cluster_2"
"1118",53816401,281,21,"cluster_2"
"1119",53816414,153,16,"cluster_2"
"1120",53816462,274,19,"cluster_2"
"1121",53816756,299,29,"cluster_2"
"1122",53816776,152,22,"cluster_2"
"1123",53816937,730,11,"cluster_2"
"1124",53817315,469,21,"cluster_2"
"1125",53827851,188,29,"cluster_2"
"1126",53847663,258,114,"cluster_2"
"1127",53878323,209,62,"cluster_2"
"1128",53903112,517,33,"cluster_2"
"1129",53921255,151,19,"cluster_2"
"1130",53934949,164,23,"cluster_2"
"1131",53938560,349,87,"cluster_2"
"1132",53966531,224,14,"cluster_2"
"1133",53999372,256,55,"cluster_2"
"1134",54016034,193,19,"cluster_2"
"1135",54019537,225,19,"cluster_2"
"1136",54021218,417,74,"cluster_2"
"1137",54033162,203,9,"cluster_2"
"1138",54033325,177,18,"cluster_2"
"1139",54038690,194,45,"cluster_2"
"1140",54042126,280,29,"cluster_2"
"1141",54079311,388,15,"cluster_2"
"1142",54117324,174,18,"cluster_2"
"1143",54121425,198,20,"cluster_2"
"1144",54134430,160,20,"cluster_2"
"1145",54158541,264,21,"cluster_2"
"1146",54173097,291,23,"cluster_2"
"1147",54174792,146,29,"cluster_2"
"1148",54188183,284,46,"cluster_2"
"1149",54219561,354,29,"cluster_2"
"1150",54227552,184,30,"cluster_2"
"1151",54260275,163,53,"cluster_2"
"1152",54261318,531,23,"cluster_2"
"1153",54284736,293,14,"cluster_2"
"1154",54319317,254,16,"cluster_2"
"1155",54320344,219,35,"cluster_2"
"1156",54334295,256,22,"cluster_2"
"1157",54340435,331,24,"cluster_2"
"1158",54348102,163,43,"cluster_2"
"1159",54367872,278,24,"cluster_2"
"1160",54385147,286,98,"cluster_2"
"1161",54385713,343,21,"cluster_2"
"1162",54386380,321,153,"cluster_2"
"1163",54396260,164,62,"cluster_2"
"1164",54402285,208,100,"cluster_2"
"1165",54411350,441,26,"cluster_2"
"1166",54420037,151,32,"cluster_2"
"1167",54435421,406,32,"cluster_2"
"1168",54442813,164,18,"cluster_2"
"1169",54448372,251,33,"cluster_2"
"1170",54453489,598,12,"cluster_2"
"1171",54455772,608,19,"cluster_2"
"1172",54455888,319,133,"cluster_2"
"1173",54459982,262,41,"cluster_2"
"1174",54461125,207,16,"cluster_2"
"1175",54466779,443,16,"cluster_2"
"1176",54486959,202,65,"cluster_2"
"1177",54487893,227,30,"cluster_2"
"1178",54511766,233,37,"cluster_2"
"1179",54512645,329,131,"cluster_2"
"1180",54512750,173,30,"cluster_2"
"1181",54522072,411,11,"cluster_2"
"1182",54531290,380,11,"cluster_2"
"1183",54533293,232,46,"cluster_2"
"1184",54536260,195,58,"cluster_2"
"1185",54537792,247,27,"cluster_2"
"1186",54547570,174,71,"cluster_2"
"1187",54557619,156,8,"cluster_2"
"1188",54571388,273,106,"cluster_2"
"1189",54596849,395,25,"cluster_2"
"1190",54598393,189,30,"cluster_2"
"1191",54599275,192,52,"cluster_2"
"1192",54599683,167,30,"cluster_2"
"1193",54603332,318,18,"cluster_2"
"1194",54606034,172,28,"cluster_2"
"1195",54613776,293,42,"cluster_2"
"1196",54614380,235,23,"cluster_2"
"1197",54629186,171,35,"cluster_2"
"1198",54650096,259,18,"cluster_2"
"1199",54667170,721,164,"cluster_2"
"1200",54675129,199,28,"cluster_2"
"1201",54677519,169,44,"cluster_2"
"1202",54683252,262,47,"cluster_2"
"1203",54683431,328,14,"cluster_2"
"1204",54687895,178,26,"cluster_2"
"1205",54695565,222,20,"cluster_2"
"1206",54702917,406,25,"cluster_2"
"1207",54715094,329,96,"cluster_2"
"1208",54717274,171,24,"cluster_2"
"1209",54731195,202,39,"cluster_2"
"1210",54756178,331,35,"cluster_2"
"1211",54761638,680,40,"cluster_2"
"1212",54770117,167,34,"cluster_2"
"1213",54779202,840,12,"cluster_2"
"1214",54791331,229,20,"cluster_2"
"1215",54797346,211,36,"cluster_2"
"1216",54799403,366,37,"cluster_2"
"1217",54803895,300,32,"cluster_2"
"1218",54812388,177,78,"cluster_2"
"1219",54814138,371,29,"cluster_2"
"1220",54816630,329,28,"cluster_2"
"1221",54834242,178,23,"cluster_2"
"1222",54839617,422,46,"cluster_2"
"1223",54860174,266,90,"cluster_2"
"1224",54868311,195,31,"cluster_2"
"1225",54869163,191,11,"cluster_2"
"1226",54875799,256,12,"cluster_2"
"1227",54902139,452,19,"cluster_2"
"1228",54902701,680,108,"cluster_2"
"1229",54949762,269,43,"cluster_2"
"1230",55050721,204,36,"cluster_2"
"1231",55056674,337,30,"cluster_2"
"1232",55072571,283,16,"cluster_2"
"1233",55210116,141,21,"cluster_2"
"1234",55352813,186,17,"cluster_2"
"1235",55379793,219,59,"cluster_2"
"1236",55398682,235,42,"cluster_2"
"1237",55414323,234,31,"cluster_2"
"1238",55420618,254,75,"cluster_2"
"1239",55427152,141,21,"cluster_2"
"1240",55572446,179,31,"cluster_2"
"1241",55743052,275,14,"cluster_2"
"1242",55896918,264,56,"cluster_2"
"1243",55923920,225,18,"cluster_2"
"1244",55989153,168,31,"cluster_2"
"1245",56045827,384,23,"cluster_2"
"1246",56063448,147,27,"cluster_2"
"1247",56064670,311,9,"cluster_2"
"1248",56082545,339,58,"cluster_2"
"1249",56088724,190,32,"cluster_2"
"1250",56092175,201,44,"cluster_2"
"1251",56097082,151,6,"cluster_2"
"1252",56112199,231,22,"cluster_2"
"1253",56141842,179,46,"cluster_2"
"1254",56160472,161,46,"cluster_2"
"1255",56926353,598,117,"cluster_2"
"1256",56956595,159,27,"cluster_2"
"1257",56969898,214,29,"cluster_2"
"1258",57165839,633,13,"cluster_2"
"1259",57190281,256,41,"cluster_2"
"1260",57193108,196,13,"cluster_2"
"1261",57194000,222,21,"cluster_2"
"1262",57196253,215,151,"cluster_2"
"1263",57197791,151,22,"cluster_2"
"1264",57198298,252,48,"cluster_2"
"1265",57198857,366,19,"cluster_2"
"1266",57200121,366,29,"cluster_2"
"1267",57200930,270,48,"cluster_2"
"1268",57202698,170,12,"cluster_2"
"1269",57204303,187,21,"cluster_2"
"1270",57206510,185,31,"cluster_2"
"1271",57206690,284,37,"cluster_2"
"1272",57208034,230,17,"cluster_2"
"1273",57209494,309,97,"cluster_2"
"1274",57213085,186,24,"cluster_2"
"1275",57213227,190,35,"cluster_2"
"1276",57214339,245,24,"cluster_2"
"1277",57218718,252,28,"cluster_2"
"1278",57222818,215,21,"cluster_2"
"1279",57222887,190,41,"cluster_2"
"1280",57224551,287,88,"cluster_2"
"1281",57226806,259,23,"cluster_2"
"1282",57393979,248,20,"cluster_2"
"1283",58080037,172,47,"cluster_2"
"1284",58527715,296,204,"cluster_2"
"1285",58543754,314,194,"cluster_2"
"1286",58545301,302,12,"cluster_2"
"1287",58551562,224,43,"cluster_2"
"1288",58565931,383,21,"cluster_2"
"1289",58596604,278,26,"cluster_2"
"1290",58626946,987,10,"cluster_2"
"1291",58629149,273,51,"cluster_2"
"1292",58643215,231,13,"cluster_2"
"1293",58673666,321,17,"cluster_2"
"1294",58674064,183,31,"cluster_2"
"1295",58686347,179,53,"cluster_2"
"1296",58695983,238,96,"cluster_2"
"1297",58699340,145,15,"cluster_2"
"1298",58700330,275,58,"cluster_2"
"1299",58701095,200,15,"cluster_2"
"1300",58708889,185,23,"cluster_2"
"1301",58710837,222,30,"cluster_2"
"1302",58712174,184,47,"cluster_2"
"1303",58714296,224,51,"cluster_2"
"1304",58723990,151,21,"cluster_2"
"1305",58724668,296,179,"cluster_2"
"1306",58725537,314,12,"cluster_2"
"1307",58727849,152,21,"cluster_2"
"1308",58751442,199,35,"cluster_2"
"1309",58762448,315,16,"cluster_2"
"1310",58770462,347,15,"cluster_2"
"1311",58780514,244,9,"cluster_2"
"1312",58784257,191,101,"cluster_2"
"1313",58794502,217,17,"cluster_2"
"1314",58796379,490,274,"cluster_2"
"1315",59589060,194,33,"cluster_2"
"1316",60194721,312,39,"cluster_2"
"1317",60215475,270,16,"cluster_2"
"1318",60534509,158,21,"cluster_2"
"1319",60535236,161,28,"cluster_2"
"1320",60536628,183,27,"cluster_2"
"1321",60540965,342,25,"cluster_2"
"1322",60546465,471,15,"cluster_2"
"1323",60555046,171,20,"cluster_2"
"1324",60556613,252,40,"cluster_2"
"1325",60558006,193,53,"cluster_2"
"1326",60564141,223,32,"cluster_2"
"1327",60565608,405,163,"cluster_2"
"1328",60565975,295,19,"cluster_2"
"1329",60567689,188,40,"cluster_2"
"1330",60569746,216,100,"cluster_2"
"1331",60570773,451,13,"cluster_2"
"1332",60580352,551,265,"cluster_2"
"1333",60581352,269,21,"cluster_2"
"1334",60583355,330,169,"cluster_2"
"1335",60596120,254,91,"cluster_2"
"1336",60599726,720,10,"cluster_2"
"1337",60601054,289,20,"cluster_2"
"1338",60602828,160,21,"cluster_2"
"1339",60606765,405,20,"cluster_2"
"1340",60612506,218,32,"cluster_2"
"1341",60613609,178,57,"cluster_2"
"1342",60618744,273,17,"cluster_2"
"1343",60619283,326,16,"cluster_2"
"1344",60621778,313,39,"cluster_2"
"1345",60635573,150,28,"cluster_2"
"1346",60641030,161,31,"cluster_2"
"1347",60655381,193,55,"cluster_2"
"1348",60655642,163,31,"cluster_2"
"1349",60657330,190,42,"cluster_2"
"1350",60657400,241,22,"cluster_2"
"1351",60658610,249,18,"cluster_2"
"1352",60661808,205,52,"cluster_2"
"1353",60662180,163,60,"cluster_2"
"1354",60673061,343,53,"cluster_2"
"1355",60687102,493,240,"cluster_2"
"1356",60692201,220,29,"cluster_2"
"1357",60696475,185,19,"cluster_2"
"1358",60697484,155,18,"cluster_2"
"1359",60703346,436,62,"cluster_2"
"1360",60707386,171,53,"cluster_2"
"1361",60707817,257,38,"cluster_2"
"1362",60713535,165,39,"cluster_2"
"1363",60713813,454,13,"cluster_2"
"1364",60717466,369,120,"cluster_2"
"1365",60720130,167,21,"cluster_2"
"1366",60721506,330,26,"cluster_2"
"1367",60729503,551,23,"cluster_2"
"1368",60735101,185,37,"cluster_2"
"1369",60735800,324,22,"cluster_2"
"1370",60740110,184,59,"cluster_2"
"1371",60741777,178,67,"cluster_2"
"1372",60743338,281,16,"cluster_2"
"1373",60746918,161,21,"cluster_2"
"1374",60747737,536,15,"cluster_2"
"1375",60748865,345,20,"cluster_2"
"1376",60752805,232,18,"cluster_2"
"1377",60753549,169,44,"cluster_2"
"1378",60758780,472,12,"cluster_2"
"1379",60769294,200,26,"cluster_2"
"1380",60771620,150,8,"cluster_2"
"1381",60772468,281,71,"cluster_2"
"1382",60779465,260,17,"cluster_2"
"1383",60784161,238,55,"cluster_2"
"1384",60784363,720,166,"cluster_2"
"1385",60786105,158,50,"cluster_2"
"1386",60799254,210,26,"cluster_2"
"1387",60802006,247,30,"cluster_2"
"1388",60803511,192,26,"cluster_2"
"1389",60809895,240,15,"cluster_2"
"1390",60810134,330,33,"cluster_2"
"1391",60811677,426,15,"cluster_2"
"1392",60811966,216,119,"cluster_2"
"1393",60813374,419,27,"cluster_2"
"1394",60820551,277,32,"cluster_2"
"1395",60820958,372,23,"cluster_2"
"1396",60833497,215,44,"cluster_2"
"1397",60834125,166,28,"cluster_2"
"1398",60840257,155,37,"cluster_2"
"1399",60851519,201,22,"cluster_2"
"1400",60851887,169,43,"cluster_2"
"1401",60852043,354,19,"cluster_2"
"1402",60853505,694,47,"cluster_2"
"1403",60857108,192,18,"cluster_2"
"1404",60857906,159,39,"cluster_2"
"1405",60858557,259,18,"cluster_2"
"1406",60861438,245,16,"cluster_2"
"1407",60868252,351,13,"cluster_2"
"1408",60868882,188,41,"cluster_2"
"1409",60878605,242,37,"cluster_2"
"1410",60896673,264,47,"cluster_2"
"1411",60897097,266,33,"cluster_2"
"1412",60898227,152,27,"cluster_2"
"1413",60899820,313,130,"cluster_2"
"1414",60905556,220,74,"cluster_2"
"1415",60905625,1183,8,"cluster_2"
"1416",60911548,252,39,"cluster_2"
"1417",60914376,301,22,"cluster_2"
"1418",60920624,409,15,"cluster_2"
"1419",60929313,248,13,"cluster_2"
"1420",60929637,220,20,"cluster_2"
"1421",60935514,222,14,"cluster_2"
"1422",60940622,223,17,"cluster_2"
"1423",60941810,250,175,"cluster_2"
"1424",60946007,190,70,"cluster_2"
"1425",60950965,216,24,"cluster_2"
"1426",60956661,305,19,"cluster_2"
"1427",60971198,372,38,"cluster_2"
"1428",60971453,669,9,"cluster_2"
"1429",60974323,477,84,"cluster_2"
"1430",60985672,227,23,"cluster_2"
"1431",60995216,240,21,"cluster_2"
"1432",60997018,247,28,"cluster_2"
"1433",60998005,324,169,"cluster_2"
"1434",61002613,978,8,"cluster_2"
"1435",61004565,453,25,"cluster_2"
"1436",61004972,167,10,"cluster_2"
"1437",61210102,200,54,"cluster_2"
"1438",61291077,144,22,"cluster_2"
"1439",61336567,175,31,"cluster_2"
"1440",62616833,229,24,"cluster_2"
"1441",62652896,162,35,"cluster_2"
"1442",62666909,296,42,"cluster_2"
"1443",62682135,170,25,"cluster_2"
"1444",62696732,289,195,"cluster_2"
"1445",62697935,217,93,"cluster_2"
"1446",62709225,213,23,"cluster_2"
"1447",62718247,235,32,"cluster_2"
"1448",62749339,212,24,"cluster_2"
"1449",62752989,196,54,"cluster_2"
"1450",62762698,169,27,"cluster_2"
"1451",62769817,240,73,"cluster_2"
"1452",62776241,218,18,"cluster_2"
"1453",62776566,266,21,"cluster_2"
"1454",62777753,628,12,"cluster_2"
"1455",62793302,208,93,"cluster_2"
"1456",62798207,198,46,"cluster_2"
"1457",62805256,209,65,"cluster_2"
"1458",62809750,222,49,"cluster_2"
"1459",62816041,281,102,"cluster_2"
"1460",62818880,178,50,"cluster_2"
"1461",62819114,201,88,"cluster_2"
"1462",62828127,187,25,"cluster_2"
"1463",62830980,194,5,"cluster_2"
"1464",62847367,194,13,"cluster_2"
"1465",62850103,153,31,"cluster_2"
"1466",62853146,143,21,"cluster_2"
"1467",62858577,171,31,"cluster_2"
"1468",62869802,147,30,"cluster_2"
"1469",62871211,446,39,"cluster_2"
"1470",62875142,170,47,"cluster_2"
"1471",62875706,377,12,"cluster_2"
"1472",62881012,135,6,"cluster_2"
"1473",62881290,198,107,"cluster_2"
"1474",62886150,171,71,"cluster_2"
"1475",62900152,219,69,"cluster_2"
"1476",62906962,264,23,"cluster_2"
"1477",62913348,182,67,"cluster_2"
"1478",62914577,255,34,"cluster_2"
"1479",62926006,398,21,"cluster_2"
"1480",62930662,1032,18,"cluster_2"
"1481",62933875,148,15,"cluster_2"
"1482",62933922,190,36,"cluster_2"
"1483",62940897,207,21,"cluster_2"
"1484",62943119,170,21,"cluster_2"
"1485",62944618,357,144,"cluster_2"
"1486",62954818,156,25,"cluster_2"
"1487",62955081,156,41,"cluster_2"
"1488",62960889,180,54,"cluster_2"
"1489",62966306,207,11,"cluster_2"
"1490",62971606,214,20,"cluster_2"
"1491",62973578,185,95,"cluster_2"
"1492",62978670,226,58,"cluster_2"
"1493",62981041,168,33,"cluster_2"
"1494",62981870,450,19,"cluster_2"
"1495",62982457,165,30,"cluster_2"
"1496",62992582,190,25,"cluster_2"
"1497",62994662,352,13,"cluster_2"
"1498",62997551,377,125,"cluster_2"
"1499",63000198,156,28,"cluster_2"
"1500",63001355,264,42,"cluster_2"
"1501",63004820,240,52,"cluster_2"
"1502",63006073,351,20,"cluster_2"
"1503",63015130,296,186,"cluster_2"
"1504",63016292,418,14,"cluster_2"
"1505",63020661,160,5,"cluster_2"
"1506",63033391,539,63,"cluster_2"
"1507",63034219,151,24,"cluster_2"
"1508",63035771,205,43,"cluster_2"
"1509",63041298,143,25,"cluster_2"
"1510",63046017,397,33,"cluster_2"
"1511",63046241,308,31,"cluster_2"
"1512",63048311,197,22,"cluster_2"
"1513",63048815,363,24,"cluster_2"
"1514",63050016,235,72,"cluster_2"
"1515",63055461,174,40,"cluster_2"
"1516",63058674,272,43,"cluster_2"
"1517",63059875,370,10,"cluster_2"
"1518",63061277,159,16,"cluster_2"
"1519",63072272,204,23,"cluster_2"
"1520",63076980,209,45,"cluster_2"
"1521",63079224,324,14,"cluster_2"
"1522",63080510,300,10,"cluster_2"
"1523",63096679,198,78,"cluster_2"
"1524",63103685,351,27,"cluster_2"
"1525",63105525,161,37,"cluster_2"
"1526",63105554,236,28,"cluster_2"
"1527",63109012,250,29,"cluster_2"
"1528",63123206,172,77,"cluster_2"
"1529",63125708,418,80,"cluster_2"
"1530",63127532,244,18,"cluster_2"
"1531",63144149,289,26,"cluster_2"
"1532",63160095,165,29,"cluster_2"
"1533",63168104,571,38,"cluster_2"
"1534",63169205,180,23,"cluster_2"
"1535",63170865,228,20,"cluster_2"
"1536",63180191,201,19,"cluster_2"
"1537",63185148,208,87,"cluster_2"
"1538",63187338,313,28,"cluster_2"
"1539",63197705,187,10,"cluster_2"
"1540",63199023,485,9,"cluster_2"
"1541",63199704,357,26,"cluster_2"
"1542",63211550,236,22,"cluster_2"
"1543",63211654,152,16,"cluster_2"
"1544",63211935,282,7,"cluster_2"
"1545",63217294,136,8,"cluster_2"
"1546",63218202,184,52,"cluster_2"
"1547",63223669,165,35,"cluster_2"
"1548",63228008,210,85,"cluster_2"
"1549",63235181,194,30,"cluster_2"
"1550",63237199,159,12,"cluster_2"
"1551",63243996,300,51,"cluster_2"
"1552",63245987,146,24,"cluster_2"
"1553",63254566,433,44,"cluster_2"
"1554",63259643,163,46,"cluster_2"
"1555",63264688,286,93,"cluster_2"
"1556",63267211,347,107,"cluster_2"
"1557",63271377,364,5,"cluster_2"
"1558",63272074,217,42,"cluster_2"
"1559",63279826,222,38,"cluster_2"
"1560",63282099,229,27,"cluster_2"
"1561",63287147,254,42,"cluster_2"
"1562",63295004,445,15,"cluster_2"
"1563",63301744,180,58,"cluster_2"
"1564",63322080,139,13,"cluster_2"
"1565",63325032,256,21,"cluster_2"
"1566",63328976,252,10,"cluster_2"
"1567",63329672,287,13,"cluster_2"
"1568",63332643,236,50,"cluster_2"
"1569",63340877,175,71,"cluster_2"
"1570",63342751,159,48,"cluster_2"
"1571",63351205,268,20,"cluster_2"
"1572",63357055,272,95,"cluster_2"
"1573",63358500,209,63,"cluster_2"
"1574",63364031,167,63,"cluster_2"
"1575",63372412,255,53,"cluster_2"
"1576",63393372,184,82,"cluster_2"
"1577",63394103,183,51,"cluster_2"
"1578",63395997,183,36,"cluster_2"
"1579",65093239,428,20,"cluster_2"
"1580",65112650,213,17,"cluster_2"
"1581",65116147,196,86,"cluster_2"
"1582",65151346,443,9,"cluster_2"
"1583",65164902,207,14,"cluster_2"
"1584",65192334,366,16,"cluster_2"
"1585",65221613,606,247,"cluster_2"
"1586",65281876,192,19,"cluster_2"
"1587",65340536,155,46,"cluster_2"
"1588",65340908,302,31,"cluster_2"
"1589",65348327,352,60,"cluster_2"
"1590",65382367,239,21,"cluster_2"
"1591",65383403,278,16,"cluster_2"
"1592",65406386,462,35,"cluster_2"
"1593",65439504,302,73,"cluster_2"
"1594",65459530,574,14,"cluster_2"
"1595",65466656,162,23,"cluster_2"
"1596",65478692,207,72,"cluster_2"
"1597",65480747,352,234,"cluster_2"
"1598",65496171,327,24,"cluster_2"
"1599",65517462,161,37,"cluster_2"
"1600",65521452,221,4,"cluster_2"
"1601",65528210,221,54,"cluster_2"
"1602",65551813,462,34,"cluster_2"
"1603",65558921,224,53,"cluster_2"
"1604",65560266,302,26,"cluster_2"
"1605",65600690,207,47,"cluster_2"
"1606",65606455,248,39,"cluster_2"
"1607",65610263,203,46,"cluster_2"
"1608",65626251,143,25,"cluster_2"
"1609",65626977,338,199,"cluster_2"
"1610",65631343,169,16,"cluster_2"
"1611",65659657,147,26,"cluster_2"
"1612",65690057,223,56,"cluster_2"
"1613",65694791,588,16,"cluster_2"
"1614",65704888,226,21,"cluster_2"
"1615",65715218,223,19,"cluster_2"
"1616",65718269,184,37,"cluster_2"
"1617",65739423,184,29,"cluster_2"
"1618",65756861,336,39,"cluster_2"
"1619",65761400,280,24,"cluster_2"
"1620",65776227,168,26,"cluster_2"
"1621",65777643,338,67,"cluster_2"
"1622",65791747,405,111,"cluster_2"
"1623",65814896,248,137,"cluster_2"
"1624",65836028,340,78,"cluster_2"
"1625",65838319,202,25,"cluster_2"
"1626",65841696,169,19,"cluster_2"
"1627",65847811,244,19,"cluster_2"
"1628",65848054,316,12,"cluster_2"
"1629",65866059,173,22,"cluster_2"
"1630",65958406,169,32,"cluster_2"
"1631",65988771,143,26,"cluster_2"
"1632",66022866,153,35,"cluster_2"
"1633",66031099,311,17,"cluster_2"
"1634",66034977,336,14,"cluster_2"
"1635",66077490,163,41,"cluster_2"
"1636",66084197,229,61,"cluster_2"
"1637",66084525,263,147,"cluster_2"
"1638",66130540,263,69,"cluster_2"
"1639",66134924,454,32,"cluster_2"
"1640",66230130,164,41,"cluster_2"
"1641",66232392,202,37,"cluster_2"
"1642",66239180,174,33,"cluster_2"
"1643",66246630,190,15,"cluster_2"
"1644",66252738,299,86,"cluster_2"
"1645",66255591,280,18,"cluster_2"
"1646",66365808,241,19,"cluster_2"
"1647",66368719,217,85,"cluster_2"
"1648",66434622,207,87,"cluster_2"
"1649",66469193,147,23,"cluster_2"
"1650",66469859,176,44,"cluster_2"
"1651",66506730,358,26,"cluster_2"
"1652",66608413,167,51,"cluster_2"
"1653",66615883,198,117,"cluster_2"
"1654",66621270,218,23,"cluster_2"
"1655",66623393,167,25,"cluster_2"
"1656",66627457,177,11,"cluster_2"
"1657",66636204,255,16,"cluster_2"
"1658",66645491,141,16,"cluster_2"
"1659",66648530,198,35,"cluster_2"
"1660",66653492,171,15,"cluster_2"
"1661",66660675,177,9,"cluster_2"
"1662",66664178,255,13,"cluster_2"
"1663",66676206,155,14,"cluster_2"
"1664",66677439,171,12,"cluster_2"
"1665",66691319,162,10,"cluster_2"
"1666",66715901,186,8,"cluster_2"
"1667",66724062,335,59,"cluster_2"
"1668",66725422,607,17,"cluster_2"
"1669",66740119,205,15,"cluster_2"
"1670",66745810,215,10,"cluster_2"
"1671",66763448,198,18,"cluster_2"
"1672",66767845,429,10,"cluster_2"
"1673",66768828,264,17,"cluster_2"
"1674",66773880,175,15,"cluster_2"
"1675",66773948,218,11,"cluster_2"
"1676",66776821,195,84,"cluster_2"
"1677",66778336,201,14,"cluster_2"
"1678",66793050,329,9,"cluster_2"
"1679",66797111,259,8,"cluster_2"
"1680",66802631,520,9,"cluster_2"
"1681",66806122,400,12,"cluster_2"
"1682",66808694,190,28,"cluster_2"
"1683",66824225,289,12,"cluster_2"
"1684",66830707,324,21,"cluster_2"
"1685",66831373,265,14,"cluster_2"
"1686",66835058,243,12,"cluster_2"
"1687",66835656,430,225,"cluster_2"
"1688",66838531,201,90,"cluster_2"
"1689",66840603,141,5,"cluster_2"
"1690",66840625,135,8,"cluster_2"
"1691",66843754,199,21,"cluster_2"
"1692",66850093,335,20,"cluster_2"
"1693",66850433,324,64,"cluster_2"
"1694",66870226,178,24,"cluster_2"
"1695",66884448,335,8,"cluster_2"
"1696",66885925,175,14,"cluster_2"
"1697",66887810,218,16,"cluster_2"
"1698",66888022,440,16,"cluster_2"
"1699",66894038,140,21,"cluster_2"
"1700",66898786,189,8,"cluster_2"
"1701",66914770,172,9,"cluster_2"
"1702",66915485,149,9,"cluster_2"
"1703",66915939,225,13,"cluster_2"
"1704",66918971,171,18,"cluster_2"
"1705",66924084,181,20,"cluster_2"
"1706",66925343,327,6,"cluster_2"
"1707",66933836,518,53,"cluster_2"
"1708",66941538,254,28,"cluster_2"
"1709",66951169,160,32,"cluster_2"
"1710",66954646,186,91,"cluster_2"
"1711",66963379,173,12,"cluster_2"
"1712",66966539,386,11,"cluster_2"
"1713",66980153,137,8,"cluster_2"
"1714",66984868,433,7,"cluster_2"
"1715",66985793,149,29,"cluster_2"
"1716",66990074,414,28,"cluster_2"
"1717",67003178,203,10,"cluster_2"
"1718",67008236,389,28,"cluster_2"
"1719",67015029,252,6,"cluster_2"
"1720",67017003,138,12,"cluster_2"
"1721",67018440,205,13,"cluster_2"
"1722",67043318,175,55,"cluster_2"
"1723",67045129,251,16,"cluster_2"
"1724",67046009,210,24,"cluster_2"
"1725",67054679,440,16,"cluster_2"
"1726",67060539,254,10,"cluster_2"
"1727",67068957,264,21,"cluster_2"
"1728",67073945,607,31,"cluster_2"
"1729",67077713,153,14,"cluster_2"
"1730",67079646,327,18,"cluster_2"
"1731",67081134,289,28,"cluster_2"
"1732",67083149,141,17,"cluster_2"
"1733",67084492,295,12,"cluster_2"
"1734",67096263,175,12,"cluster_2"
"1735",67096495,140,15,"cluster_2"
"1736",67098256,160,10,"cluster_2"
"1737",67111295,198,58,"cluster_2"
"1738",67112889,389,38,"cluster_2"
"1739",67121680,353,80,"cluster_2"
"1740",67148359,333,22,"cluster_2"
"1741",67150444,195,15,"cluster_2"
"1742",67158421,187,20,"cluster_2"
"1743",67161101,179,49,"cluster_2"
"1744",67176676,198,11,"cluster_2"
"1745",67247919,553,24,"cluster_2"
"1746",67263077,158,40,"cluster_2"
"1747",67265956,225,26,"cluster_2"
"1748",67590505,397,43,"cluster_2"
"1749",67617979,145,23,"cluster_2"
"1750",67625802,371,13,"cluster_2"
"1751",67732400,175,20,"cluster_2"
"1752",67739362,197,14,"cluster_2"
"1753",67989742,207,56,"cluster_2"
"1754",68175902,148,34,"cluster_2"
"1755",68271932,338,25,"cluster_2"
"1756",68339292,186,17,"cluster_2"
"1757",68364214,186,32,"cluster_2"
"1758",68949543,169,41,"cluster_2"
"1759",69136491,238,19,"cluster_2"
"1760",69195847,187,20,"cluster_2"
"1761",69209145,268,45,"cluster_2"
"1762",69217678,166,16,"cluster_2"
"1763",69236788,230,18,"cluster_2"
"1764",69244828,223,38,"cluster_2"
"1765",69253511,268,21,"cluster_2"
"1766",69260467,146,21,"cluster_2"
"1767",69269645,173,32,"cluster_2"
"1768",69332335,226,16,"cluster_2"
"1769",69361835,271,32,"cluster_2"
"1770",69382547,314,13,"cluster_2"
"1771",69420156,145,17,"cluster_2"
"1772",69426905,160,48,"cluster_2"
"1773",69430206,269,70,"cluster_2"
"1774",69446106,269,54,"cluster_2"
"1775",69582109,233,13,"cluster_2"
"1776",69583495,334,32,"cluster_2"
"1777",69594048,155,13,"cluster_2"
"1778",69644065,271,25,"cluster_2"
"1779",69651994,209,56,"cluster_2"
"1780",69652932,553,10,"cluster_2"
"1781",69671826,269,24,"cluster_2"
"1782",69703498,186,34,"cluster_2"
"1783",69707951,241,15,"cluster_2"
"1784",69708540,302,31,"cluster_2"
"1785",69810191,185,28,"cluster_2"
"1786",69823543,215,21,"cluster_2"
"1787",69852860,820,8,"cluster_2"
"1788",69919815,341,26,"cluster_2"
"1789",69942555,322,22,"cluster_2"
"1790",69951365,257,63,"cluster_2"
"1791",70224448,520,16,"cluster_2"
"1792",70388576,465,74,"cluster_2"
"1793",70415465,218,17,"cluster_2"
"1794",70421253,218,12,"cluster_2"
"1795",70569032,257,24,"cluster_2"
"1796",70635707,472,15,"cluster_2"
"1797",70666472,262,49,"cluster_2"
"1798",70702471,269,13,"cluster_2"
"1799",70749342,267,26,"cluster_2"
"1800",70757085,267,25,"cluster_2"
"1801",70783221,225,17,"cluster_2"
"1802",70802200,172,25,"cluster_2"
"1803",70861594,194,45,"cluster_2"
"1804",70925012,280,69,"cluster_2"
"1805",70992294,390,8,"cluster_2"
"1806",70997686,368,22,"cluster_2"
"1807",71012699,160,32,"cluster_2"
"1808",71021247,253,14,"cluster_2"
"1809",71130400,182,30,"cluster_2"
"1810",71159919,178,14,"cluster_2"
"1811",71165415,292,18,"cluster_2"
"1812",71215958,209,30,"cluster_2"
"1813",71238439,236,114,"cluster_2"
"1814",71262058,327,9,"cluster_2"
"1815",71264460,502,23,"cluster_2"
"1816",71296029,170,51,"cluster_2"
"1817",71352955,226,61,"cluster_2"
"1818",71411278,267,58,"cluster_2"
"1819",71440924,178,17,"cluster_2"
"1820",71652570,186,30,"cluster_2"
"1821",71663861,236,22,"cluster_2"
"1822",71671449,161,33,"cluster_2"
"1823",71765029,456,30,"cluster_2"
"1824",71767867,382,24,"cluster_2"
"1825",71777864,828,16,"cluster_2"
"1826",71782988,318,20,"cluster_2"
"1827",71880394,256,14,"cluster_2"
"1828",71884996,158,20,"cluster_2"
"1829",72180562,215,21,"cluster_2"
"1830",72244762,234,20,"cluster_2"
"1831",72263189,278,12,"cluster_2"
"1832",72271253,494,43,"cluster_2"
"1833",72291355,232,18,"cluster_2"
"1834",72305311,234,52,"cluster_2"
"1835",72308892,341,9,"cluster_2"
"1836",72359245,217,14,"cluster_2"
"1837",72426657,209,32,"cluster_2"
"1838",72434069,209,31,"cluster_2"
"1839",72443760,206,20,"cluster_2"
"1840",72895150,177,27,"cluster_2"
"1841",72940051,494,27,"cluster_2"
"1842",72949855,348,14,"cluster_2"
"1843",72954355,322,158,"cluster_2"
"1844",72983372,225,42,"cluster_2"
"1845",72986647,156,29,"cluster_2"
"1846",72992514,348,85,"cluster_2"
"1847",73001001,179,55,"cluster_2"
"1848",73022343,288,15,"cluster_2"
"1849",73060425,301,20,"cluster_2"
"1850",73094587,499,47,"cluster_2"
"1851",73140787,279,159,"cluster_2"
"1852",73147730,278,24,"cluster_2"
"1853",75104585,284,12,"cluster_2"
"1854",75104659,358,16,"cluster_2"
"1855",75118178,195,54,"cluster_2"
"1856",75119082,482,8,"cluster_2"
"1857",75120427,395,5,"cluster_2"
"1858",75120667,266,7,"cluster_2"
"1859",75126209,158,21,"cluster_2"
"1860",75521418,138,16,"cluster_2"
"1861",75687896,195,9,"cluster_2"
"1862",75726265,147,15,"cluster_2"
"1863",75741305,176,15,"cluster_2"
"1864",75742730,144,11,"cluster_2"
"1865",75893568,149,32,"cluster_2"
"1866",75894599,262,10,"cluster_2"
"1867",75908819,234,62,"cluster_2"
"1868",75912899,264,16,"cluster_2"
"1869",75938312,227,6,"cluster_2"
"1870",75939789,159,15,"cluster_2"
"1871",76047354,143,19,"cluster_2"
"1872",76104025,151,17,"cluster_2"
"1873",76131762,241,9,"cluster_2"
"1874",76264825,194,61,"cluster_2"
"1875",76264852,304,16,"cluster_2"
"1876",76275641,742,5,"cluster_2"
"1877",76298640,339,18,"cluster_2"
"1878",76309832,284,26,"cluster_2"
"1879",76319567,339,41,"cluster_2"
"1880",76336301,265,21,"cluster_2"
"1881",76336845,339,98,"cluster_2"
"1882",76373623,425,20,"cluster_2"
"1883",76415133,227,52,"cluster_2"
"1884",76489041,322,7,"cluster_2"
"1885",76500773,493,5,"cluster_2"
"1886",76568721,353,13,"cluster_2"
"1887",76615072,232,21,"cluster_2"
"1888",76627716,158,32,"cluster_2"
"1889",76642165,279,13,"cluster_2"
"1890",76741074,198,27,"cluster_2"
"1891",76758993,264,29,"cluster_2"
"1892",76790005,199,15,"cluster_2"
"1893",77037369,221,13,"cluster_2"
"1894",77048804,198,89,"cluster_2"
"1895",77597126,219,11,"cluster_2"
"1896",77964182,146,31,"cluster_2"
"1897",78143357,179,13,"cluster_2"
"1898",78292523,173,25,"cluster_2"
"1899",78369184,266,8,"cluster_2"
"1900",78395480,257,54,"cluster_2"
"1901",78460505,173,42,"cluster_2"
"1902",78518926,152,28,"cluster_2"
"1903",78878731,378,8,"cluster_2"
"1904",78994315,299,7,"cluster_2"
"1905",79176752,359,40,"cluster_2"
"1906",79425132,148,14,"cluster_2"
"1907",79521735,193,74,"cluster_2"
"1908",80126816,193,8,"cluster_2"
"1909",80657388,139,8,"cluster_2"
"1910",81848222,136,5,"cluster_2"
"1911",87215823,211,56,"cluster_2"
